<!DOCTYPE html><html lang="en" dir="ltr"><head><meta charset="utf-8"><base href="/"><title>Scoutradioz: FRC Scouting as a Service</title><meta name="keywords" content="first robotics,frc,first robotics competition,somerville,new jersey,102,team 102,gearheads,gearheads 102,the gearheads,scoring,scoring app,standings,match standings,team 102 scoring app,scouting,gearheads scouting,team 102 scouting"><meta name="theme-color" content="#333"><meta name="viewport" content="width=device-width, initial-scale=1"><link rel="manifest" href="/public/manifest.json"><link rel="icon" type="image/png" href="/public/icon-64.png"><!--link(rel="icon" sizes="192x192" href=`favicon-192x.png`)--><!-- Libraries bundled in this stylesheet: mmenu.css (Source code licensed CC-BY-NC-4.0), mburger.css (Source code licensed CC-BY-4.0), W3.css (https://www.w3schools.com/w3css/). Source code is available at https://github.com/FIRSTTeam102/scoutradioz/tree/master/primary/public-src/less--><link rel="stylesheet" href="/public/css/style.css?v=20260308053822086"><style>#page{ --background-image: url('/public/images/backgrounds/2026-FIRST-AGE-IG-blankpost-invert-180hue-posterized-resized-cropped.jpg');}
.sprite{ --sprites-url: url('/public/images/sprites.png?v=20260308053822086');}</style><script src="/public/lib/w3.js"></script><!--script(src=`${fileRoot}/lib/hammer.min.js`)--><script src="/public/lib/jquery.min.js"></script><script src="/public/lib/jscookie-2.2.1.min.js"></script><script src="/public/lib/mmenu/mmenu.js"></script><!--Hacky way to force clients to download the new version of scripts/stylesheets: Add a "v" query at the end of the string--><script src="/public/js/bundle.js?v=20260308053822086"></script><script>try {
	eval("() => {let a = 1; const b = 2;}");
}
catch (err) {
	setTimeout(function () {
		alert("It appears you are using an unsupported browser. Please use a modern browser (e.g. Chromium, Firefox, Edge, and newer versions of Safari) for Scoutradioz. Unfortunately, iOS versions 9 and below are not supported.");
	})
}</script></head><body class="theme-text"><div id="page"><noscript><p style="display:block;width:100%;background-color:black;color:white;padding:8px 16px;"><span>It appears JavaScript is disabled on this browser. Scoutradioz needs a modern browser with JavaScript enabled in order to function properly.</span><br><span>Supported browsers include: Chrome and other Chromium-based browsers, Firefox, Edge, Opera, and new versions of Safari.</span></p></noscript><div class="w3-card header tier-prod" id="headerbar"><div class="header-left"><a id="burger"><button class="mburger mburger--squeeze" title="Menu"><b></b><b></b><b></b></button></a><div><span style="display:inline-block;height:100%;vertical-align:middle;"></span><a href="/home"><img class="header-logo" src="/public/images/brand-logos/scoutradioz-white-sm.png?v=1" alt="Scoutradioz"></a></div></div><div class="header-right"><a class="centered" href="javascript:selectLanguage()" title="Language"><span class="sprite sp-32 sp-i18n"></span></a><a class="centered" href="javascript:share('')" title="Share"><span class="sprite sp-32 sp-share-android sp-white"></span><span class="w3-hide-small" style="font-size:14px; margin-inline-start: 1px; font-family:Tahoma,Geneva,sans-serif;">Share</span></a></div></div><div class="slidein-overlay" style="display: none;" id="overlay"></div><div id="content-container"><div class="w3-center" id="headerlogo"><img class="w3-image w3-center" src="/public/images/rebuilt/rebuilt-red.svg" alt="Rebuilt" style="max-height: 160px;"></div><main class="w3-padding w3-mobile w3-center" id="content"><link rel="stylesheet" type="text/css" href="/public/css/smui.css"><style>#content-container {
	overflow-x: unset;
}
input:focus:not(.no-outline) {
	outline: none!important;
}
.contact-button {
	position: absolute;
	top: -999px;
}
#loading {
	margin: auto;
	border: 8px solid #f3f3f360; /* Light grey */
	border-top: 8px solid #ffffffd2; /* Blue */
	border-radius: 50%;
	width: 80px;
	height: 80px;
	animation: spin 2s linear infinite;
	display: none;
}

@keyframes spin {
	0% { transform: rotate(0deg); }
	100% { transform: rotate(360deg); }
}</style><div class="no-outline" id="svelte-content"></div><script type="module">const data = JSON.parse(`{"orgs":[{"org_key":"demo","nickname":"Demo Data (from 2019)","event_key":"2019paca","event_label":"2019 Greater Pittsburgh Regional"},{"org_key":"dtas","nickname":"District of Tomball Alliance for Scouting","event_key":"2026txcmp1","team_keys":["frc7312","frc7691","frc8177"],"team_numbers":[7312,7691,8177],"event_label":"2026 FIRST In Texas District Championship - Mercury Division"},{"org_key":"frc1912","nickname":"Archimedes Scouting Alliance","event_key":"2026arc","team_keys":["frc1912","frc9084","frc2137"],"team_numbers":[1912,9084,2137],"event_label":"2026 Archimedes Division"},{"org_key":"frc247","nickname":"MSC Consumer Energy 2026","event_key":"2026micmp2","team_keys":["frc247","frc5577","frc10349"],"team_numbers":[247,5577,10349],"event_label":"2026 FIRST in Michigan State Championship - Consumers Energy Foundation Division"},{"org_key":"frc31","nickname":"Jenks Prime Movers","event_key":"2026okok","team_keys":["frc31","frc5454","frc1209"],"team_numbers":[31,5454,1209],"event_label":"2026 Oklahoma Regional"},{"org_key":"frc68","nickname":"Hemlock Scouting Group","event_key":"2026micmp3","team_keys":["frc68","frc5843"],"team_numbers":[68,5843],"event_label":"2026 FIRST in Michigan State Championship - Hemlock Semiconductor Division"},{"org_key":"rawr","nickname":"Richardson Area Wide Robotics","event_key":"2022bcvi","team_keys":["frc1745","frc8874"],"team_numbers":[1745,8874],"event_label":"2022 Canadian Pacific Regional"},{"org_key":"steelcity","nickname":"Steel City Robotics Alliance","event_key":"2026alhu","event_label":"2026 Rocket City Regional"},{"org_key":"frc11","nickname":"MORT","event_key":"2026mrcmp","team_key":"frc11","team_number":11,"event_label":"2026 FIRST Mid-Atlantic District Championship"},{"org_key":"frc25","nickname":"Raider Robotix","event_key":"2026mrcmp","team_key":"frc25","team_number":25,"event_label":"2026 FIRST Mid-Atlantic District Championship"},{"org_key":"frc41","nickname":"RoboWarriors","team_number":41,"team_key":"frc41","event_key":"2026mrcmp","event_label":"2026 FIRST Mid-Atlantic District Championship"},{"org_key":"frc48","nickname":"Team E.L.I.T.E.","event_key":"2026flwp","team_key":"frc48","team_number":48,"event_label":"2026 South Florida Regional"},{"org_key":"frc56","nickname":"R.O.B.B.E.","event_key":"2026njrob","team_key":"frc56","team_number":56,"event_label":"2026 FMA District Robbinsville Event"},{"org_key":"frc102","nickname":"The Gearheads","event_key":"2026mrcmp","team_key":"frc102","team_number":102,"event_label":"2026 FIRST Mid-Atlantic District Championship"},{"org_key":"frc108","nickname":"SigmaC@T Robotics Team","event_key":"2026flta","team_key":"frc108","team_number":108,"event_label":"2026 Tallahassee Regional"},{"org_key":"frc117","nickname":"Steel Dragons Robotics","event_key":"2025ncrc","team_key":"frc117","team_number":117,"event_label":"2025 North Catholic Robotics Competition"},{"org_key":"frc141","nickname":"WOBOT","event_key":"2024week0","team_key":"frc141","team_number":141,"event_label":"2024 Week 0"},{"org_key":"frc159","nickname":"Alpine Robotics","event_key":"2026code","team_key":"frc159","team_number":159,"event_label":"2026 Denver Regional"},{"org_key":"frc178","nickname":"The 2nd Law Enforcers","event_key":"2026necmp2","team_key":"frc178","team_number":178,"event_label":"2026 New England FIRST District Championship - Newsom Division presented by GE Aerospace"},{"org_key":"frc204","nickname":"Eastern Robotic Vikings","event_key":"2025njrob","team_key":"frc204","team_number":204,"event_label":"2025 FMA District Robbinsville Event"},{"org_key":"frc231","nickname":"High Voltage","event_key":"2024txkat","team_key":"frc231","team_number":231,"event_label":"2024 FIT District Katy Event"},{"org_key":"frc245","nickname":"Adambots","event_key":"2026micmp1","team_key":"frc245","team_number":245,"event_label":"2026 FIRST in Michigan State Championship - DTE Energy Foundation Division"},{"org_key":"frc246","nickname":"Lobstah Bots","event_key":"2026mabos","team_key":"frc246","team_number":246,"event_label":"2026 NE District Greater Boston Event"},{"org_key":"frc293","nickname":"SPIKE","event_key":null,"team_key":"frc293","team_number":293,"event_label":null},{"org_key":"frc303","nickname":"The T.E.S.T. Team","team_key":"frc303","team_number":303,"event_key":"2024njbe","event_label":"2024 Brunswick Eruption"},{"org_key":"frc359","nickname":"Team 359 - Hawaiian Kids","event_key":"2025cabl","team_key":"frc359","team_number":359,"event_label":"2025 Beach Blitz presented by the Gene Haas Foundation"},{"org_key":"frc364","nickname":"Team Fusion 364","event_key":"2026lake","team_key":"frc364","team_number":364,"event_label":"2026 Bayou Regional"},{"org_key":"frc365","nickname":"Miracle Workerz","event_key":"2025njtab","team_key":"frc365","team_number":365,"event_label":"2025 FMA District Seneca Event"},{"org_key":"frc386","nickname":"Team Voltage","event_key":"2023week0","team_key":"frc386","team_number":386,"event_label":"2023 Week 0"},{"org_key":"frc433","nickname":"Firebirds","event_key":"2026pawar","team_key":"frc433","team_number":433,"event_label":"2026 FMA District Centennial Event"},{"org_key":"frc451","nickname":"Cat Attack Robotics","event_key":"2026paca","team_key":"frc451","team_number":451,"event_label":"2026 Greater Pittsburgh Regional"},{"org_key":"frc456","nickname":"Siege Robotics","event_key":"2026lake","team_key":"frc456","team_number":456,"event_label":"2026 Bayou Regional"},{"org_key":"frc548","nickname":"Robostangs","event_key":null,"team_key":"frc548","team_number":548,"event_label":null},{"org_key":"frc558","nickname":"Elm City Robo Squad","event_key":null,"team_key":"frc558","team_number":558,"event_label":null},{"org_key":"frc571","nickname":"Team Paragon Robotics","event_key":"2024cthar","team_key":"frc571","team_number":571,"event_label":"2024 NE District Hartford Event"},{"org_key":"frc611","nickname":"Saxons","event_key":"2025chcmp","team_key":"frc611","team_number":611,"event_label":"2025 FIRST Chesapeake District Championship presented by Qualcomm"},{"org_key":"frc648","nickname":"QC ELITE Flaming Squirrels","event_key":"2023wila","team_key":"frc648","team_number":648,"event_label":"2023 Seven Rivers Regional"},{"org_key":"frc662","nickname":"Rocky Mountain Robotics","event_key":"2026cosp","team_key":"frc662","team_number":662,"event_label":"2026 Pikes Peak Regional"},{"org_key":"frc811","nickname":"Wild Cards","event_key":"2025week0","team_key":"frc811","team_number":811,"event_label":"2025 Week 0"},{"org_key":"frc834","nickname":"SparTechs","event_key":"2025njrob","team_key":"frc834","team_number":834,"event_label":"2025 FMA District Robbinsville Event"},{"org_key":"frc852","nickname":"Acropolis Robotics","event_key":"2025cacg","team_key":"frc852","team_number":852,"event_label":"2025 CalGames"},{"org_key":"frc904","nickname":"D Cubed","event_key":null,"team_key":"frc904","team_number":904,"event_label":null},{"org_key":"frc931","nickname":"Perpetual Chaos","event_key":null,"team_key":"frc931","team_number":931,"event_label":null},{"org_key":"frc977","nickname":"Cometbots","event_key":"2026vabla","team_key":"frc977","team_number":977,"event_label":"2026 FCH District Blacksburg VA Event presented by Ball"},{"org_key":"frc1011","nickname":"CRUSH","event_key":"2023code","team_key":"frc1011","team_number":1011,"event_label":"2023 Colorado Regional"},{"org_key":"frc1100","nickname":"Inverse Polarity","event_key":null,"team_key":"frc1100","team_number":1100,"event_label":null},{"org_key":"frc1189","nickname":"Gearheads","event_key":"2026micmp1","team_key":"frc1189","team_number":1189,"event_label":"2026 FIRST in Michigan State Championship - DTE Energy Foundation Division"},{"org_key":"frc1250","nickname":"Gator-Bots","event_key":"2026miliv","team_key":"frc1250","team_number":1250,"event_label":"2026 FIM District Livonia Event presented by Aisin"},{"org_key":"frc1257","nickname":"Parallel Universe","event_key":"2025pahat","team_key":"frc1257","team_number":1257,"event_label":"2025 FMA District Hatboro-Horsham Event"},{"org_key":"frc1261","nickname":"Robo Lions Team1261","event_key":null,"team_key":"frc1261","team_number":1261,"event_label":null},{"org_key":"frc1277","nickname":"The Robotomies","event_key":null,"team_key":"frc1277","team_number":1277,"event_label":null},{"org_key":"frc1279","nickname":"Cold Fusion","event_key":"2026paphi","team_key":"frc1279","team_number":1279,"event_label":"2026 FMA District Philadelphia Event"},{"org_key":"frc1339","nickname":"Angelbotics","event_key":"2024cocs","team_key":"frc1339","team_number":1339,"event_label":"2024 Colorado Scrimmage"},{"org_key":"frc1389","nickname":"The Body Electric","event_key":"2023mdbet","team_key":"frc1389","team_number":1389,"event_label":"2023 CHS District Bethesda MD Event"},{"org_key":"frc1391","nickname":"The Metal Moose","event_key":"2025paphi","team_key":"frc1391","team_number":1391,"event_label":"2025 FMA District Springside Chestnut Hill Event"},{"org_key":"frc1466","nickname":"Webb Robotics","event_key":"2024alhu","team_key":"frc1466","team_number":1466,"event_label":"2024 Rocket City Regional"},{"org_key":"frc1506","nickname":"Metal Muscle","event_key":"2025mike2","team_key":"frc1506","team_number":1506,"event_label":"2025 FIM District Kettering University Event #2 presented by Haas Foundation"},{"org_key":"frc1559","nickname":"Devil Tech","event_key":"2022nyro","team_key":"frc1559","team_number":1559,"event_label":"2022 Finger Lakes Regional"},{"org_key":"frc1599","nickname":"CircuiTree","event_key":"2024vaash","team_key":"frc1599","team_number":1599,"event_label":"2024 CHS District Ashland VA Event"},{"org_key":"frc1626","nickname":"Falcon Robotics","event_key":"2024njbe","team_key":"frc1626","team_number":1626,"event_label":"2024 Brunswick Eruption"},{"org_key":"frc1672","nickname":"Robo T-Birds","event_key":"2026mrcmp","team_key":"frc1672","team_number":1672,"event_label":"2026 FIRST Mid-Atlantic District Championship"},{"org_key":"frc1676","nickname":"The Pascack Pi-oneers","event_key":"2025week0","team_key":"frc1676","team_number":1676,"event_label":"2025 Week 0"},{"org_key":"frc1699","nickname":"Robocats","event_key":"2023mawne","team_key":"frc1699","team_number":1699,"event_label":"2023 NE District Western NE Event"},{"org_key":"frc1719","nickname":"The Umbrella Corporation","event_key":"2024chcmp","team_key":"frc1719","team_number":1719,"event_label":"2024 FIRST Chesapeake District Championship"},{"org_key":"frc1731","nickname":"Fresta Valley Robotics Club","event_key":null,"team_key":"frc1731","team_number":1731,"event_label":null},{"org_key":"frc1741","nickname":"Red Alert","event_key":null,"team_key":"frc1741","team_number":1741,"event_label":null},{"org_key":"frc1785","nickname":"Blue Springs Robocats","event_key":"2025mose","team_key":"frc1785","team_number":1785,"event_label":"2025 Central Missouri Regional"},{"org_key":"frc1803","nickname":"Vikings","event_key":null,"team_key":"frc1803","team_number":1803,"event_label":null},{"org_key":"frc1811","nickname":"FRESH","event_key":"2026paphi","team_key":"frc1811","team_number":1811,"event_label":"2026 FMA District Philadelphia Event"},{"org_key":"frc1836","nickname":"The MilkenKnights","event_key":"2026casgv","team_key":"frc1836","team_number":1836,"event_label":"2026 CA District San Gabriel Valley Event"},{"org_key":"frc1880","nickname":"Warriors of East Harlem","event_key":"2025new","team_key":"frc1880","team_number":1880,"event_label":"2025 Newton Division"},{"org_key":"frc1884","nickname":"Griffins","event_key":"2026brsp","team_key":"frc1884","team_number":1884,"event_label":"2026 Regional Brazil - SESI OSASCO"},{"org_key":"frc1891","nickname":"Bullbots","event_key":"2026utwv","team_key":"frc1891","team_number":1891,"event_label":"2026 Utah Regional"},{"org_key":"frc1899","nickname":"Saints Robotics","event_key":"2026wasam","team_key":"frc1899","team_number":1899,"event_label":"2026 PNW District Sammamish Event"},{"org_key":"frc1908","nickname":"ShoreBots","event_key":null,"team_key":"frc1908","team_number":1908,"event_label":null},{"org_key":"frc2022","nickname":"Titan Robotics","event_key":"2025ilch","team_key":"frc2022","team_number":2022,"event_label":"2025 Midwest Regional"},{"org_key":"frc2067","nickname":"Apple Pi","event_key":"2023cmptx","team_key":"frc2067","team_number":2067,"event_label":"2023 Einstein Field"},{"org_key":"frc2080","nickname":"Torbotics","event_key":"2024flor","team_key":"frc2080","team_number":2080,"event_label":"2024 Orlando Regional"},{"org_key":"frc2083","nickname":"Team Blitz","event_key":"2026code","team_key":"frc2083","team_number":2083,"event_label":"2026 Denver Regional"},{"org_key":"frc2152","nickname":"S*M*A*S*H","event_key":"2025flor","team_key":"frc2152","team_number":2152,"event_label":"2025 Orlando Regional"},{"org_key":"frc2170","nickname":"Galvanized Guardians","event_key":"2026necmp1","team_key":"frc2170","team_number":2170,"event_label":"2026 New England FIRST District Championship - Burns Division presented by GlobalFoundries"},{"org_key":"frc2183","nickname":"Tigerbots","event_key":"2024laman","team_key":"frc2183","team_number":2183,"event_label":"2024 Northshore Knockout "},{"org_key":"frc2231","nickname":"OnyxTronix","event_key":"2026isde1","team_key":"frc2231","team_number":2231,"event_label":"2026 ISR District Event #1"},{"org_key":"frc2252","nickname":"The Mavericks","event_key":"2026joh","team_key":"frc2252","team_number":2252,"event_label":"2026 Johnson Division"},{"org_key":"frc2333","nickname":"Sapulpa Robotics Team","event_key":"2026mokc","team_key":"frc2333","team_number":2333,"event_label":"2026 Greater Kansas City Regional"},{"org_key":"frc2345","nickname":"Kearnage","event_key":"2024cttd","team_key":"frc2345","team_number":2345,"event_label":"2024 Cow Town Throwdown"},{"org_key":"frc2375","nickname":"Dragon Robotics","event_key":null,"team_key":"frc2375","team_number":2375,"event_label":null},{"org_key":"frc2377","nickname":"C Company","event_key":null,"team_key":"frc2377","team_number":2377,"event_label":null},{"org_key":"frc2421","nickname":"RTR Team Robotics","event_key":"2025mdsev","team_key":"frc2421","team_number":2421,"event_label":"2025 CHS District Severn MD Event presented by Ball Corp"},{"org_key":"frc2441","nickname":"Spartechs","event_key":"2025hiho","team_key":"frc2441","team_number":2441,"event_label":"2025 Hawaii Regional"},{"org_key":"frc2530","nickname":"Inconceivable","event_key":"2025mnros","team_key":"frc2530","team_number":2530,"event_label":"2025 Minnesota Robotics Invitational"},{"org_key":"frc2531","nickname":"RoboHawks","event_key":"2026mnmi","team_key":"frc2531","team_number":2531,"event_label":"2026 Minnesota 10,000 Lakes Regional"},{"org_key":"frc2556","nickname":"RadioActive Roaches","event_key":"2024lake","team_key":"frc2556","team_number":2556,"event_label":"2024 Bayou Regional"},{"org_key":"frc2577","nickname":"Pingry Robotics","event_key":"2023njski","team_key":"frc2577","team_number":2577,"event_label":"2023 FMA District Montgomery Event"},{"org_key":"frc2582","nickname":"PantherBots","event_key":"2026txfar","team_key":"frc2582","team_number":2582,"event_label":"2026 FIT District Farmersville Event"},{"org_key":"frc2584","nickname":"Flame of The West","event_key":"2026capoh","team_key":"frc2584","team_number":2584,"event_label":"2026 CA District Hueneme Port Event"},{"org_key":"frc2630","nickname":"Thunderbolts","event_key":"2026micmp3","team_key":"frc2630","team_number":2630,"event_label":"2026 FIRST in Michigan State Championship - Hemlock Semiconductor Division"},{"org_key":"frc2642","nickname":"Pitt Pirates","event_key":"2024nccmp","team_key":"frc2642","team_number":2642,"event_label":"2024 FIRST North Carolina District State Championship"},{"org_key":"frc2654","nickname":"Polar Rams","event_key":"2025mndu","team_key":"frc2654","team_number":2654,"event_label":"2025 Lake Superior Regional"},{"org_key":"frc2657","nickname":"Team Thundercats","event_key":"2026txama","team_key":"frc2657","team_number":2657,"event_label":"2026 FIT District Amarillo Event"},{"org_key":"frc2673","nickname":"Tenacious Technicians","event_key":"2024midtr","team_key":"frc2673","team_number":2673,"event_label":"2024 FIM District Wayne State Event presented by Magna"},{"org_key":"frc2704","nickname":"Roaring Robotics","event_key":"2026joh","team_key":"frc2704","team_number":2704,"event_label":"2026 Johnson Division"},{"org_key":"frc2712","nickname":"Power Surge 4-H Robotics","event_key":"2026ctwat","team_key":"frc2712","team_number":2712,"event_label":"2026 NE District Waterbury Event"},{"org_key":"frc2771","nickname":"Code Red Robotics the Stray Dogs","event_key":null,"team_key":"frc2771","team_number":2771,"event_label":null},{"org_key":"frc2789","nickname":"TEXPLOSION","event_key":"2026txbel","team_key":"frc2789","team_number":2789,"event_label":"2026 FIT District Belton Event"},{"org_key":"frc2847","nickname":"The MegaHertz","event_key":"2026mndu","team_key":"frc2847","team_number":2847,"event_label":"2026 Lake Superior Regional"},{"org_key":"frc2872","nickname":"CyberCats","event_key":"2023nyli2","team_key":"frc2872","team_number":2872,"event_label":"2023 FIRST Long Island Regional #2"},{"org_key":"frc2881","nickname":"Lady Cans","event_key":"2025txman","team_key":"frc2881","team_number":2881,"event_label":"2025 FIT District Manor Event"},{"org_key":"frc2882","nickname":"Nuts n' Boltz","event_key":"2023txcha","team_key":"frc2882","team_number":2882,"event_label":"2023 FIT District Channelview Event"},{"org_key":"frc2945","nickname":"Steel Mustangs","event_key":"2024code","team_key":"frc2945","team_number":2945,"event_label":"2024 Colorado Regional"},{"org_key":"frc2977","nickname":"Sir Lancer Bots","team_key":"frc2977","team_number":2977,"event_key":"2025wila","event_label":"2025 Seven Rivers Regional"},{"org_key":"frc2980","nickname":"Whidbey Island Wildcats","event_key":"2026waahs","team_key":"frc2980","team_number":2980,"event_label":"2026 PNW District Auburn Event"},{"org_key":"frc2990","nickname":"Hotwire","event_key":"2025wass","team_key":"frc2990","team_number":2990,"event_label":"2025 StormSurge"},{"org_key":"frc2996","nickname":"Cougars Gone Wired","event_key":"2024oktu","team_key":"frc2996","team_number":2996,"event_label":"2024 Green Country Regional"},{"org_key":"frc3003","nickname":"TAN(X)","event_key":"2026nyro","team_key":"frc3003","team_number":3003,"event_label":"2026 Finger Lakes Regional"},{"org_key":"frc3006","nickname":"Red Rock Robotics","event_key":"2024utwv","team_key":"frc3006","team_number":3006,"event_label":"2024 Utah Regional"},{"org_key":"frc3017","nickname":"Patriots","event_key":null,"team_key":"frc3017","team_number":3017,"event_label":null},{"org_key":"frc3039","nickname":"Wildcat Robotics","event_key":"2026lake","team_key":"frc3039","team_number":3039,"event_label":"2026 Bayou Regional"},{"org_key":"frc3070","nickname":"Team Pronto 3070","event_key":null,"team_key":"frc3070","team_number":3070,"event_label":null},{"org_key":"frc3117","nickname":"Harfangs","event_key":null,"team_key":"frc3117","team_number":3117,"event_label":null},{"org_key":"frc3136","nickname":"O.R.C.A.","event_key":"2025vapor","team_key":"frc3136","team_number":3136,"event_label":"2025 CHS District Portsmouth VA Event presented by Newport News Shipyard"},{"org_key":"frc3139","nickname":"Oxford Omega","event_key":"2024alhu","team_key":"frc3139","team_number":3139,"event_label":"2024 Rocket City Regional"},{"org_key":"frc3140","nickname":"Flagship","event_key":"2026alhu","team_key":"frc3140","team_number":3140,"event_label":"2026 Rocket City Regional"},{"org_key":"frc3142","nickname":"Aperture","event_key":null,"team_key":"frc3142","team_number":3142,"event_label":null},{"org_key":"frc3200","nickname":"Raptacon","event_key":"2026code","team_key":"frc3200","team_number":3200,"event_label":"2026 Denver Regional"},{"org_key":"frc3216","nickname":"MRT","event_key":"2025cocs","team_key":"frc3216","team_number":3216,"event_label":"2025 Colorado Scrimmage"},{"org_key":"frc3218","nickname":"Panther Robotics","event_key":"2026pncmp","team_key":"frc3218","team_number":3218,"event_label":"2026 Pacific Northwest FIRST District Championship"},{"org_key":"frc3229","nickname":"Hawktimus Prime","event_key":"2024nccmp","team_key":"frc3229","team_number":3229,"event_label":"2024 FIRST North Carolina District State Championship"},{"org_key":"frc3286","nickname":"GDS Mighty Hoppers","event_key":null,"team_key":"frc3286","team_number":3286,"event_label":null},{"org_key":"frc3329","nickname":"Wildbots","event_key":"2026gacmp","team_key":"frc3329","team_number":3329,"event_label":"2026 Peachtree District Championship presented by Mercer University"},{"org_key":"frc3349","nickname":"Static","event_key":"2024ncmec","team_key":"frc3349","team_number":3349,"event_label":"2024 FNC District Mecklenburg County Event"},{"org_key":"frc3458","nickname":"Code Blue","event_key":null,"team_key":"frc3458","team_number":3458,"event_label":null},{"org_key":"frc3461","nickname":"Operation PEACCE Robotics","event_key":"2024mawor","team_key":"frc3461","team_number":3461,"event_label":"2024 NE District WPI Event"},{"org_key":"frc3468","nickname":"MAGNAtech","event_key":"2025lake","team_key":"frc3468","team_number":3468,"event_label":"2025 Bayou Regional"},{"org_key":"frc3504","nickname":"Girls of Steel","event_key":"2023ohmv","team_key":"frc3504","team_number":3504,"event_label":"2023 Miami Valley Regional"},{"org_key":"frc3566","nickname":"Gone Fishin'","event_key":"2026necmp2","team_key":"frc3566","team_number":3566,"event_label":"2026 New England FIRST District Championship - Newsom Division presented by GE Aerospace"},{"org_key":"frc3568","nickname":"RoboEagles","event_key":"2026misal","team_key":"frc3568","team_number":3568,"event_label":"2026 FIM District Saline Event presented by Oracle"},{"org_key":"frc3572","nickname":"Wavelength","event_key":null,"team_key":"frc3572","team_number":3572,"event_label":null},{"org_key":"frc3598","nickname":"SEStematic Eliminators","event_key":"2026cancmp","team_key":"frc3598","team_number":3598,"event_label":"2026 FIRST California Northern State Championship"},{"org_key":"frc3616","nickname":"Team Phenomena","event_key":"2026lake","team_key":"frc3616","team_number":3616,"event_label":"2026 Bayou Regional"},{"org_key":"frc3619","nickname":"BLACKHAWKS","event_key":null,"team_key":"frc3619","team_number":3619,"event_label":null},{"org_key":"frc3630","nickname":"Stampede","event_key":"2024wimi","team_key":"frc3630","team_number":3630,"event_label":"2024 Wisconsin Regional"},{"org_key":"frc3658","nickname":"Robo-Beavers","event_key":"2024miken","team_key":"frc3658","team_number":3658,"event_label":"2024 FIM District Kentwood Event presented by Dematic"},{"org_key":"frc3729","nickname":"The Raiders","event_key":"2025code","team_key":"frc3729","team_number":3729,"event_label":"2025 Colorado Regional"},{"org_key":"frc3735","nickname":"VorTX","event_key":"2025txcmp1","team_key":"frc3735","team_number":3735,"event_label":"2025 FIRST In Texas District Championship - Mercury Division"},{"org_key":"frc3737","nickname":"Roto Raptors","event_key":null,"team_key":"frc3737","team_number":3737,"event_label":null},{"org_key":"frc3814","nickname":"PiBotics","event_key":"2024paca","team_key":"frc3814","team_number":3814,"event_label":"2024 Greater Pittsburgh Regional"},{"org_key":"frc3891","nickname":"Rodeo Robotics","event_key":"2026mnum","team_key":"frc3891","team_number":3891,"event_label":"2026 Minnesota North Star Regional"},{"org_key":"frc3954","nickname":"4-H Electrotechs","event_key":null,"team_key":"frc3954","team_number":3954,"event_label":null},{"org_key":"frc3984","nickname":"Topper Robotics","event_key":"2026alhu","team_key":"frc3984","team_number":3984,"event_label":"2026 Rocket City Regional"},{"org_key":"frc3996","nickname":"RIKITIK","event_key":"2023qcmo","team_key":"frc3996","team_number":3996,"event_label":"2023 Festival de Robotique Regional"},{"org_key":"frc4015","nickname":"Jags","event_key":null,"team_key":"frc4015","team_number":4015,"event_label":null},{"org_key":"frc4021","nickname":"igKnightion","event_key":"2026wicmp","team_key":"frc4021","team_number":4021,"event_label":"2026 FIRST Wisconsin State Championship presented by GE HealthCare"},{"org_key":"frc4048","nickname":"Redshift","event_key":"2026necmp2","team_key":"frc4048","team_number":4048,"event_label":"2026 New England FIRST District Championship - Newsom Division presented by GE Aerospace"},{"org_key":"frc4068","nickname":"Bearbotics","event_key":"2026code","team_key":"frc4068","team_number":4068,"event_label":"2026 Denver Regional"},{"org_key":"frc4087","nickname":"Voodoo Voltage","event_key":null,"team_key":"frc4087","team_number":4087,"event_label":null},{"org_key":"frc4107","nickname":"Team Storm","event_key":"2024lake","team_key":"frc4107","team_number":4107,"event_label":"2024 Bayou Regional"},{"org_key":"frc4121","nickname":"Viking Robotics","event_key":"2025ohcl","team_key":"frc4121","team_number":4121,"event_label":"2025 Buckeye Regional"},{"org_key":"frc4122","nickname":"Ossining O-Bots","event_key":null,"team_key":"frc4122","team_number":4122,"event_label":null},{"org_key":"frc4130","nickname":"The Blue Devils","event_key":"2026mifen","team_key":"frc4130","team_number":4130,"event_label":"2026 FIM District Fenton Event presented by Gene Haas Foundation"},{"org_key":"frc4150","nickname":"FRobotics","event_key":"2026alhu","team_key":"frc4150","team_number":4150,"event_label":"2026 Rocket City Regional"},{"org_key":"frc4192","nickname":"Jaguar Robotics","event_key":"2026txfor","team_key":"frc4192","team_number":4192,"event_label":"2026 FIT District Fort Worth Event"},{"org_key":"frc4237","nickname":"Team Lance-A-Bot","event_key":"2026mibat","team_key":"frc4237","team_number":4237,"event_label":"2026 FIM District Battle Creek Event presented by BlueOval Battery Park Michigan"},{"org_key":"frc4255","nickname":"Robodores","event_key":"2024cabe","team_key":"frc4255","team_number":4255,"event_label":"2024 East Bay Regional"},{"org_key":"frc4285","nickname":"Camo-Bots","event_key":"2023mrcmp","team_key":"frc4285","team_number":4285,"event_label":"2023 FIRST Mid-Atlantic District Championship"},{"org_key":"frc4295","nickname":"Hudson Stingers","event_key":"2024txfor","team_key":"frc4295","team_number":4295,"event_label":"2024 FIT District Fort Worth Event"},{"org_key":"frc4325","nickname":"RoboRangers","event_key":"2026milak","team_key":"frc4325","team_number":4325,"event_label":"2026 FIM District Lakeview Event"},{"org_key":"frc4336","nickname":"Ramageddon Robotics","event_key":"2026lake","team_key":"frc4336","team_number":4336,"event_label":"2026 Bayou Regional"},{"org_key":"frc4342","nickname":"Demon Robotics","event_key":null,"team_key":"frc4342","team_number":4342,"event_label":null},{"org_key":"frc4398","nickname":"Gladiators","event_key":"2026micmp2","team_key":"frc4398","team_number":4398,"event_label":"2026 FIRST in Michigan State Championship - Consumers Energy Foundation Division"},{"org_key":"frc4451","nickname":"Robotz Garage","event_key":"2023scand","team_key":"frc4451","team_number":4451,"event_label":"2023 PCH District Anderson Event presented by Magna"},{"org_key":"frc4453","nickname":"RedHotChiliBots Team 4453","event_key":"2026mibat","team_key":"frc4453","team_number":4453,"event_label":"2026 FIM District Battle Creek Event presented by BlueOval Battery Park Michigan"},{"org_key":"frc4459","nickname":"LeoTechs","event_key":null,"team_key":"frc4459","team_number":4459,"event_label":null},{"org_key":"frc4467","nickname":"Titanium Titans","event_key":"2025tnkn","team_key":"frc4467","team_number":4467,"event_label":"2025 Smoky Mountains Regional"},{"org_key":"frc4469","nickname":"R.A.I.D. (Raider Artificial Intelligence Division)","event_key":"2026pncmp","team_key":"frc4469","team_number":4469,"event_label":"2026 Pacific Northwest FIRST District Championship"},{"org_key":"frc4550","nickname":"Something's Bruin","event_key":"2026utwv","team_key":"frc4550","team_number":4550,"event_label":"2026 Utah Regional"},{"org_key":"frc4561","nickname":"TerrorBytes","event_key":"2025nccat","team_key":"frc4561","team_number":4561,"event_label":"2025 FNC District Catawba County Event"},{"org_key":"frc4573","nickname":"Rambotics","event_key":"2024njall","team_key":"frc4573","team_number":4573,"event_label":"2024 FMA District Allentown Event"},{"org_key":"frc4575","nickname":"Gemini","event_key":"2024vabla","team_key":"frc4575","team_number":4575,"event_label":"2024 CHS District Blacksburg VA Event"},{"org_key":"frc4580","nickname":"Conductors","event_key":"2026incmp","team_key":"frc4580","team_number":4580,"event_label":"2026 FIRST Indiana State Championship"},{"org_key":"frc4587","nickname":"Jersey Voltage","event_key":"2025txhou2","team_key":"frc4587","team_number":4587,"event_label":"2025 Texas Robotics Invitational 2"},{"org_key":"frc4598","nickname":"ICARUS INNOVATED","event_key":"2025utwv","team_key":"frc4598","team_number":4598,"event_label":"2025 Utah Regional"},{"org_key":"frc4627","nickname":"M Robotics","event_key":"2022bcvi","team_key":"frc4627","team_number":4627,"event_label":"2022 Canadian Pacific Regional"},{"org_key":"frc4637","nickname":"BambieBotz","event_key":"2026njtab","team_key":"frc4637","team_number":4637,"event_label":"2026 FMA District Seneca Event"},{"org_key":"frc4652","nickname":"Ironmen 2","event_key":"2023njbe","team_key":"frc4652","team_number":4652,"event_label":"2023 Brunswick Eruption"},{"org_key":"frc4653","nickname":"Ironmen Robotics","event_key":"2026njfla","team_key":"frc4653","team_number":4653,"event_label":"2026 FMA District Mount Olive Event"},{"org_key":"frc4663","nickname":"Cyber Tigers","event_key":"2026mnmi","team_key":"frc4663","team_number":4663,"event_label":"2026 Minnesota 10,000 Lakes Regional"},{"org_key":"frc4680","nickname":"AzTech Eagles","event_key":"2026midtr","team_key":"frc4680","team_number":4680,"event_label":"2026 FIM District Wayne State Event presented by Magna"},{"org_key":"frc4688","nickname":"Saints Bot","event_key":null,"team_key":"frc4688","team_number":4688,"event_label":null},{"org_key":"frc4692","nickname":"Metal Mallards","event_key":null,"team_key":"frc4692","team_number":4692,"event_label":null},{"org_key":"frc4698","nickname":"Raider Robotics","event_key":"2026cancmp","team_key":"frc4698","team_number":4698,"event_label":"2026 FIRST California Northern State Championship"},{"org_key":"frc4776","nickname":"S.C.O.T.S. Bots","event_key":"2025joh","team_key":"frc4776","team_number":4776,"event_label":"2025 Johnson Division"},{"org_key":"frc4778","nickname":"Stormbots","event_key":"2024mnmi2","team_key":"frc4778","team_number":4778,"event_label":"2024 Minnesota Granite City Regional"},{"org_key":"frc4787","nickname":"Axiom","event_key":"2025ilch","team_key":"frc4787","team_number":4787,"event_label":"2025 Midwest Regional"},{"org_key":"frc4817","nickname":"One Degree North","event_key":"2025hiho","team_key":"frc4817","team_number":4817,"event_label":"2025 Hawaii Regional"},{"org_key":"frc4855","nickname":"Ramageddon","event_key":"2026micmp2","team_key":"frc4855","team_number":4855,"event_label":"2026 FIRST in Michigan State Championship - Consumers Energy Foundation Division"},{"org_key":"frc4860","nickname":"Salesian Ironmen","event_key":"2023nytr","team_key":"frc4860","team_number":4860,"event_label":"2023 New York Tech Valley Regional"},{"org_key":"frc4952","nickname":"Les Carnicas","event_key":"2024qcmo","team_key":"frc4952","team_number":4952,"event_label":"2024 Festival de Robotique Regional"},{"org_key":"frc4999","nickname":"Momentum","event_key":null,"team_key":"frc4999","team_number":4999,"event_label":null},{"org_key":"frc5013","nickname":"Trobots","event_key":"2026mose","team_key":"frc5013","team_number":5013,"event_label":"2026 City of Fountains Regional"},{"org_key":"frc5019","nickname":"Gearbox Heroes","event_key":"2023wila","team_key":"frc5019","team_number":5019,"event_label":"2023 Seven Rivers Regional"},{"org_key":"frc5050","nickname":"Cow Town Robotics","event_key":"2025mibro","team_key":"frc5050","team_number":5050,"event_label":"2025 FIM District Woodhaven Event presented by Altair"},{"org_key":"frc5090","nickname":"TorqueNados","event_key":"2025mifer","team_key":"frc5090","team_number":5090,"event_label":"2025 FIM District Ferndale Event presented by Magna"},{"org_key":"frc5104","nickname":"BreakerBots","event_key":"2024casj","team_key":"frc5104","team_number":5104,"event_label":"2024 Silicon Valley Regional"},{"org_key":"frc5113","nickname":"Combustible Lemons","event_key":"2025paben","team_key":"frc5113","team_number":5113,"event_label":"2025 FMA District Bensalem Event"},{"org_key":"frc5114","nickname":"Titanium Tigers","event_key":"2026micmp2","team_key":"frc5114","team_number":5114,"event_label":"2026 FIRST in Michigan State Championship - Consumers Energy Foundation Division"},{"org_key":"frc5119","nickname":"Team STEAM Robotics","event_key":"2026ksla","team_key":"frc5119","team_number":5119,"event_label":"2026 Heartland Regional"},{"org_key":"frc5126","nickname":"Electromagnetic Panthers (EMP)","event_key":"2026mose","team_key":"frc5126","team_number":5126,"event_label":"2026 City of Fountains Regional"},{"org_key":"frc5162","nickname":"The Big Red Theory","event_key":null,"team_key":"frc5162","team_number":5162,"event_label":null},{"org_key":"frc5167","nickname":"Vi-Bots","event_key":"2024mimus","team_key":"frc5167","team_number":5167,"event_label":"2024 FIM District Muskegon Event presented by Renk"},{"org_key":"frc5171","nickname":"Deus Ex Machina","event_key":"2024camb","team_key":"frc5171","team_number":5171,"event_label":"2024 Monterey Bay Regional"},{"org_key":"frc5176","nickname":"RoboBills","event_key":"2025mogw","team_key":"frc5176","team_number":5176,"event_label":"2025 Gateway Robotics Challenge (GRC) "},{"org_key":"frc5181","nickname":"Explorer Robotics","event_key":"2024paphi","team_key":"frc5181","team_number":5181,"event_label":"2024 FMA District Springside Chestnut Hill Event"},{"org_key":"frc5193","nickname":"Pantheon","event_key":"2026miesc","team_key":"frc5193","team_number":5193,"event_label":"2026 FIM District Escanaba Event"},{"org_key":"frc5239","nickname":"Harper Woods Steamworks","event_key":null,"team_key":"frc5239","team_number":5239,"event_label":null},{"org_key":"frc5293","nickname":"Metal Crusaders","event_key":"2025gagr","team_key":"frc5293","team_number":5293,"event_label":"2025 GRITS 2025"},{"org_key":"frc5298","nickname":"E-TECH CHARGERS","event_key":"2026nyny","team_key":"frc5298","team_number":5298,"event_label":"2026 New York City Regional"},{"org_key":"frc5312","nickname":"Lobotics - Peñoles","event_key":"2024mxto","team_key":"frc5312","team_number":5312,"event_label":"2024 Regional Laguna presented by Peñoles"},{"org_key":"frc5314","nickname":"Ice Bots","event_key":"2026milsu","team_key":"frc5314","team_number":5314,"event_label":"2026 FIM District LSSU Event presented by Lake Superior State University"},{"org_key":"frc5407","nickname":"Wolfpack Robotics (AIM Academy)","event_key":"2026njski","team_key":"frc5407","team_number":5407,"event_label":"2026 FMA District Montgomery Event"},{"org_key":"frc5438","nickname":"Technological Terrors","event_key":"2026njski","team_key":"frc5438","team_number":5438,"event_label":"2026 FMA District Montgomery Event"},{"org_key":"frc5472","nickname":"The Wyld Stallyns","event_key":"2025new","team_key":"frc5472","team_number":5472,"event_label":"2025 Newton Division"},{"org_key":"frc5493","nickname":"SMAbotics","event_key":"2026code","team_key":"frc5493","team_number":5493,"event_label":"2026 Denver Regional"},{"org_key":"frc5507","nickname":"Robotic Eagles","event_key":"2023week0","team_key":"frc5507","team_number":5507,"event_label":"2023 Week 0"},{"org_key":"frc5511","nickname":"Cortechs Robotics","event_key":"2024ncwa2","team_key":"frc5511","team_number":5511,"event_label":"2024 FNC District Wake County Event"},{"org_key":"frc5516","nickname":"Iron Maple","event_key":"2025cnsh","team_key":"frc5516","team_number":5516,"event_label":"2025 Shanghai Regional"},{"org_key":"frc5517","nickname":"The Engineers on Fire","event_key":"2026mifli","team_key":"frc5517","team_number":5517,"event_label":"2026 FIM District Kearsley Event presented by BAE Systems"},{"org_key":"frc5549","nickname":"Gryphon Robotics","event_key":"2026chcmp","team_key":"frc5549","team_number":5549,"event_label":"2026 FIRST Chesapeake District Championship presented by C-CAM, VSU, Go Tec, and NASA"},{"org_key":"frc5557","nickname":"BB-R8ERS","event_key":"2025flwp","team_key":"frc5557","team_number":5557,"event_label":"2025 South Florida Regional"},{"org_key":"frc5577","nickname":"Kinematic Wolves","event_key":"2026mitr2","team_key":"frc5577","team_number":5577,"event_label":"2026 FIM District Troy Event #2 presented by DTE Foundation"},{"org_key":"frc5584","nickname":"ICRobotics","event_key":"2026ausc","team_key":"frc5584","team_number":5584,"event_label":"2026 Southern Cross Regional"},{"org_key":"frc5641","nickname":"Byron Robotics","event_key":null,"team_key":"frc5641","team_number":5641,"event_label":null},{"org_key":"frc5655","nickname":"KelRot","event_key":"2026tuis3","team_key":"frc5655","team_number":5655,"event_label":"2026 Marmara Regional"},{"org_key":"frc5684","nickname":"Iron Mechs","event_key":"2023pahat","team_key":"frc5684","team_number":5684,"event_label":"2023 FMA District Hatboro-Horsham Event"},{"org_key":"frc5690","nickname":"SubZero Robotics","event_key":null,"team_key":"frc5690","team_number":5690,"event_label":null},{"org_key":"frc5700","nickname":"SOTA Cyberdragons","event_key":null,"team_key":"frc5700","team_number":5700,"event_label":null},{"org_key":"frc5732","nickname":"ROBOTIGERS","event_key":"2026njfla","team_key":"frc5732","team_number":5732,"event_label":"2026 FMA District Mount Olive Event"},{"org_key":"frc5800","nickname":"Magic Island Robotics","event_key":null,"team_key":"frc5800","team_number":5800,"event_label":null},{"org_key":"frc5801","nickname":"CTC Inspire","event_key":"2026ksla","team_key":"frc5801","team_number":5801,"event_label":"2026 Heartland Regional"},{"org_key":"frc5842","nickname":"Royal Robotics","event_key":null,"team_key":"frc5842","team_number":5842,"event_label":null},{"org_key":"frc5843","nickname":"Flurb","event_key":"2026miliv","team_key":"frc5843","team_number":5843,"event_label":"2026 FIM District Livonia Event presented by Aisin"},{"org_key":"frc5863","nickname":"Hypercubed","event_key":"2025rsr","team_key":"frc5863","team_number":5863,"event_label":"2025 Dow Red Stick Rumble"},{"org_key":"frc5866","nickname":"Fe [Iron] Tigers","event_key":null,"team_key":"frc5866","team_number":5866,"event_label":null},{"org_key":"frc5885","nickname":"Villanova WiredCats","event_key":"2026onbar","team_key":"frc5885","team_number":5885,"event_label":"2026 ONT District Georgian College Event"},{"org_key":"frc5892","nickname":"Energy HEROs","event_key":"2026txcmp1","team_key":"frc5892","team_number":5892,"event_label":"2026 FIRST In Texas District Championship - Mercury Division"},{"org_key":"frc5895","nickname":"Peddie Robotics","event_key":"2025njbe","team_key":"frc5895","team_number":5895,"event_label":"2025 Brunswick Eruption"},{"org_key":"frc5903","nickname":"ThorBots","event_key":"2025mndu","team_key":"frc5903","team_number":5903,"event_label":"2025 Lake Superior Regional"},{"org_key":"frc5907","nickname":"CC Shambots","event_key":"2025mike2","team_key":"frc5907","team_number":5907,"event_label":"2025 FIM District Kettering University Event #2 presented by Haas Foundation"},{"org_key":"frc5914","nickname":"Robotic Warriors","event_key":"2025wila","team_key":"frc5914","team_number":5914,"event_label":"2025 Seven Rivers Regional"},{"org_key":"frc5926","nickname":"Da MOOse","event_key":"2024misjo","team_key":"frc5926","team_number":5926,"event_label":"2024 FIM District St. Joseph Event presented by Whirlpool"},{"org_key":"frc5987","nickname":"Galaxia in memory of David Zohar","team_key":"frc5987","team_number":5987,"event_key":"2026mil","event_label":"2026 Milstein Division"},{"org_key":"frc6002","nickname":"ZooBOTix","event_key":"2026micmp1","team_key":"frc6002","team_number":6002,"event_label":"2026 FIRST in Michigan State Championship - DTE Energy Foundation Division"},{"org_key":"frc6071","nickname":"The Aluminators","event_key":"2025mimid","team_key":"frc6071","team_number":6071,"event_label":"2025 FIM District Midland Event presented by Dow"},{"org_key":"frc6078","nickname":"RoboRams","event_key":"2025mirr","team_key":"frc6078","team_number":6078,"event_label":"2025 Rainbow Rumble"},{"org_key":"frc6110","nickname":"Doc Botics","event_key":"2025onnew","team_key":"frc6110","team_number":6110,"event_label":"2025 ONT District Newmarket Event"},{"org_key":"frc6120","nickname":"CyberStangs","event_key":null,"team_key":"frc6120","team_number":6120,"event_label":null},{"org_key":"frc6121","nickname":"RoboVikes","event_key":null,"team_key":"frc6121","team_number":6121,"event_label":null},{"org_key":"frc6153","nickname":"Blue Crew","event_key":"2026vtbur","team_key":"frc6153","team_number":6153,"event_label":"2026 NE District UVM Event"},{"org_key":"frc6317","nickname":"Disruptive Innovation","event_key":"2025wimu","team_key":"frc6317","team_number":6317,"event_label":"2025 Phantom Lakes Regional"},{"org_key":"frc6329","nickname":"The Bucks’ Wrath","event_key":"2023week0","team_key":"frc6329","team_number":6329,"event_label":"2023 Week 0"},{"org_key":"frc6344","nickname":"Yale Jiggawattz","event_key":"2024miann","team_key":"frc6344","team_number":6344,"event_label":"2024 FIM District Ann Arbor Event presented by DTE"},{"org_key":"frc6358","nickname":"The Buhlean Operators","event_key":"2024utwv","team_key":"frc6358","team_number":6358,"event_label":"2024 Utah Regional"},{"org_key":"frc6443","nickname":"AEMBOT","event_key":"2024cc","team_key":"frc6443","team_number":6443,"event_label":"2024 Chezy Champs"},{"org_key":"frc6500","nickname":"GearCats","event_key":null,"team_key":"frc6500","team_number":6500,"event_label":null},{"org_key":"frc6504","nickname":"FCHS Jagwires","event_key":"2023vaale","team_key":"frc6504","team_number":6504,"event_label":"2023 CHS District Alexandria VA Event"},{"org_key":"frc6538","nickname":"Linc-Bots","event_key":"2025mibel","team_key":"frc6538","team_number":6538,"event_label":"2025 FIM District Belleville Event presented by Belleville Main LLC"},{"org_key":"frc6548","nickname":"Perry RAMBOTS","event_key":"2026mifen","team_key":"frc6548","team_number":6548,"event_label":"2026 FIM District Fenton Event presented by Gene Haas Foundation"},{"org_key":"frc6566","nickname":"Battering Rams","event_key":"2026mitr2","team_key":"frc6566","team_number":6566,"event_label":"2026 FIM District Troy Event #2 presented by DTE Foundation"},{"org_key":"frc6570","nickname":"Whiteford Bobcats","event_key":"2026mibro","team_key":"frc6570","team_number":6570,"event_label":"2026 FIM District Woodhaven Event"},{"org_key":"frc6642","nickname":"Harrison Stingers of Steel","event_key":"2024mikk","team_key":"frc6642","team_number":6642,"event_label":"2024 Kettering Kitbot/Ri3D Pre-Season Event"},{"org_key":"frc6648","nickname":"MechaSpartans","event_key":null,"team_key":"frc6648","team_number":6648,"event_label":null},{"org_key":"frc6652","nickname":"Tigres","event_key":null,"team_key":"frc6652","team_number":6652,"event_label":null},{"org_key":"frc6709","nickname":"Spudinc Big Lake Robotics","event_key":"2024mndu","team_key":"frc6709","team_number":6709,"event_label":"2024 Lake Superior Regional"},{"org_key":"frc6738","nickname":"Excalibur","event_key":"2023isios","team_key":"frc6738","team_number":6738,"event_label":"2023 Israel Off-Season"},{"org_key":"frc6762","nickname":"Oscats","event_key":"2023nhgrs","team_key":"frc6762","team_number":6762,"event_label":"2023 NE District Granite State Event"},{"org_key":"frc6768","nickname":"Denison Robo-Jackets","event_key":"2024txcmp2","team_key":"frc6768","team_number":6768,"event_label":"2024 FIRST In Texas District Championship - Apollo Division"},{"org_key":"frc6814","nickname":"Ellipse","event_key":"2023casj","team_key":"frc6814","team_number":6814,"event_label":"2023 Silicon Valley Regional"},{"org_key":"frc6863","nickname":"Squirrels","event_key":null,"team_key":"frc6863","team_number":6863,"event_label":null},{"org_key":"frc6877","nickname":"Mechanical Mustangs","event_key":"2025mibig","team_key":"frc6877","team_number":6877,"event_label":"2025 FIM District Ferris State Event presented by Ferris State"},{"org_key":"frc6884","nickname":"Deep-Space Robotics","event_key":null,"team_key":"frc6884","team_number":6884,"event_label":null},{"org_key":"frc6894","nickname":"Iced Java","team_number":6894,"team_key":"frc6894","event_key":"2026nccmp","event_label":"2026 FIRST North Carolina State Championship"},{"org_key":"frc6897","nickname":"Astraea Robotics","event_key":"2023njfla","team_key":"frc6897","team_number":6897,"event_label":"2023 FMA District Mount Olive Event"},{"org_key":"frc6914","nickname":"Retro5ive","event_key":"2024miliv","team_key":"frc6914","team_number":6914,"event_label":"2024 FIM District Livonia Event presented by Aisin"},{"org_key":"frc6921","nickname":"Technados","event_key":"2026mrcmp","team_key":"frc6921","team_number":6921,"event_label":"2026 FIRST Mid-Atlantic District Championship"},{"org_key":"frc6962","nickname":"RobotX","event_key":"2023casf","team_key":"frc6962","team_number":6962,"event_label":"2023 San Francisco Regional"},{"org_key":"frc6964","nickname":"BearBots (FRC)","event_key":"2026ohmv","team_key":"frc6964","team_number":6964,"event_label":"2026 Miami Valley Regional"},{"org_key":"frc6974","nickname":"Zia Robotics","event_key":"2026txama","team_key":"frc6974","team_number":6974,"event_label":"2026 FIT District Amarillo Event"},{"org_key":"frc7034","nickname":"2B Determined","event_key":"2023orore","team_key":"frc7034","team_number":7034,"event_label":"2023 PNW District Clackamas Academy Event"},{"org_key":"frc7072","nickname":"O.G.R.E. (Opelika's Greatest Robotics Engineers)","event_key":"2026flor","team_key":"frc7072","team_number":7072,"event_label":"2026 Orlando Regional"},{"org_key":"frc7103","nickname":"Robo Remedy","event_key":"2025mnmi2","team_key":"frc7103","team_number":7103,"event_label":"2025 Minnesota Granite City Regional"},{"org_key":"frc7111","nickname":"RAD Robotics","event_key":null,"team_key":"frc7111","team_number":7111,"event_label":null},{"org_key":"frc7117","nickname":"Robotic Dragons","event_key":"2026mosl","team_key":"frc7117","team_number":7117,"event_label":"2026 St. Louis Regional"},{"org_key":"frc7125","nickname":"TigerBotics","event_key":"2025txfor","team_key":"frc7125","team_number":7125,"event_label":"2025 FIT District Fort Worth Event"},{"org_key":"frc7165","nickname":"Perkins Pirates","event_key":"2025nyro","team_key":"frc7165","team_number":7165,"event_label":"2025 Finger Lakes Regional"},{"org_key":"frc7166","nickname":"Red Thunder Robotics","event_key":"2024cur","team_key":"frc7166","team_number":7166,"event_label":"2024 Curie Division"},{"org_key":"frc7197","nickname":"Mountie Megabots","event_key":"2026miche","team_key":"frc7197","team_number":7197,"event_label":"2026 FIM District Chelsea Event presented by DTE"},{"org_key":"frc7215","nickname":"Patriots","event_key":null,"team_key":"frc7215","team_number":7215,"event_label":null},{"org_key":"frc7289","nickname":"Blue Eagles","event_key":null,"team_key":"frc7289","team_number":7289,"event_label":null},{"org_key":"frc7312","nickname":"T3","event_key":"2026txcmp2","team_key":"frc7312","team_number":7312,"event_label":"2026 FIRST In Texas District Championship - Apollo Division"},{"org_key":"frc7401","nickname":"DevTech117","event_key":null,"team_key":"frc7401","team_number":7401,"event_label":null},{"org_key":"frc7415","nickname":"Jaguar Robotics Sponsored By Feit Electric","event_key":"2026gal","team_key":"frc7415","team_number":7415,"event_label":"2026 Galileo Division"},{"org_key":"frc7492","nickname":"CavBots","event_key":"2025txsan","team_key":"frc7492","team_number":7492,"event_label":"2025 FIT District San Antonio Event"},{"org_key":"frc7515","nickname":"Dark Side Robotics","event_key":"2024paca","team_key":"frc7515","team_number":7515,"event_label":"2024 Greater Pittsburgh Regional"},{"org_key":"frc7530","nickname":"Brotherhood of Steel","event_key":"2023mndu2","team_key":"frc7530","team_number":7530,"event_label":"2023 Northern Lights Regional"},{"org_key":"frc7539","nickname":"Elev8","event_key":"2024tuis2","team_key":"frc7539","team_number":7539,"event_label":"2024 Bosphorus Regional"},{"org_key":"frc7541","nickname":"Maple River Robotics","event_key":"2026mnmi2","team_key":"frc7541","team_number":7541,"event_label":"2026 Minnesota Granite City Regional"},{"org_key":"frc7587","nickname":"Metuchen Momentum","event_key":"2025paben","team_key":"frc7587","team_number":7587,"event_label":"2025 FMA District Bensalem Event"},{"org_key":"frc7594","nickname":"Nautilus","event_key":null,"team_key":"frc7594","team_number":7594,"event_label":null},{"org_key":"frc7660","nickname":"The Byting Irish","event_key":"2025mimil","team_key":"frc7660","team_number":7660,"event_label":"2025 FIM District Milford Event presented by GM Milford Proving Grounds"},{"org_key":"frc7691","nickname":"TSA All Stars","event_key":"2026txcmp1","team_key":"frc7691","team_number":7691,"event_label":"2026 FIRST In Texas District Championship - Mercury Division"},{"org_key":"frc7694","nickname":"THE IRON LIONS","event_key":"2023ctwat","team_key":"frc7694","team_number":7694,"event_label":"2023 NE District Waterbury Event"},{"org_key":"frc7762","nickname":"AutoPilots","event_key":"2025miber","team_key":"frc7762","team_number":7762,"event_label":"2025 FIM District Berrien Springs Event presented by Edgewater Automation"},{"org_key":"frc7855","nickname":"Chronic Robophobia","event_key":"2026mitvc","team_key":"frc7855","team_number":7855,"event_label":"2026 FIM District Traverse City Event presented by Cone Drive"},{"org_key":"frc7865","nickname":"HODAbotics","event_key":null,"team_key":"frc7865","team_number":7865,"event_label":null},{"org_key":"frc8011","nickname":"Guangzhou Wayi","event_key":"2024ausc","team_key":"frc8011","team_number":8011,"event_label":"2024 Southern Cross Regional"},{"org_key":"frc8024","nickname":"Sparta Robotans","event_key":"2025iacf","team_key":"frc8024","team_number":8024,"event_label":"2025 Iowa Regional"},{"org_key":"frc8041","nickname":"Lake City Ultrabots","event_key":"2025milac","team_key":"frc8041","team_number":8041,"event_label":"2025 FIM District Lake City Event"},{"org_key":"frc8051","nickname":"TinkRex","event_key":null,"team_key":"frc8051","team_number":8051,"event_label":null},{"org_key":"frc8057","nickname":"All Wired Up","event_key":null,"team_key":"frc8057","team_number":8057,"event_label":null},{"org_key":"frc8067","nickname":"Alpha Lab","event_key":null,"team_key":"frc8067","team_number":8067,"event_label":null},{"org_key":"frc8077","nickname":"DREAM (Delmar Robotics Engineers At MADE)","event_key":null,"team_key":"frc8077","team_number":8077,"event_label":null},{"org_key":"frc8115","nickname":"Platinum Peacocks","event_key":"2026midtr","team_key":"frc8115","team_number":8115,"event_label":"2026 FIM District Wayne State Event presented by Magna"},{"org_key":"frc8117","nickname":"The Easton RoboRovers","event_key":null,"team_key":"frc8117","team_number":8117,"event_label":null},{"org_key":"frc8130","nickname":"Absegami Robotics","event_key":null,"team_key":"frc8130","team_number":8130,"event_label":null},{"org_key":"frc8159","nickname":"Golden Horn","event_key":"2025tuis2","team_key":"frc8159","team_number":8159,"event_label":"2025 Bosphorus Regional"},{"org_key":"frc8177","nickname":"Vector","event_key":"2026txcmp2","team_key":"frc8177","team_number":8177,"event_label":"2026 FIRST In Texas District Championship - Apollo Division"},{"org_key":"frc8179","nickname":"Robo Falcons","event_key":"2026micmp4","team_key":"frc8179","team_number":8179,"event_label":"2026 FIRST in Michigan State Championship - Aptiv Foundation Division"},{"org_key":"frc8193","nickname":"Steel Stingers","event_key":"2026mifen","team_key":"frc8193","team_number":8193,"event_label":"2026 FIM District Fenton Event presented by Gene Haas Foundation"},{"org_key":"frc8280","nickname":"K9.0 Robotics","event_key":"2026tuis","team_key":"frc8280","team_number":8280,"event_label":"2026 İstanbul Regional"},{"org_key":"frc8297","nickname":"WIHI Robo Wolves","event_key":"2025micmp1","team_key":"frc8297","team_number":8297,"event_label":"2025 FIRST in Michigan State Championship - DTE Energy Foundation Division"},{"org_key":"frc8300","nickname":"Titan Robotics","event_key":"2026mibkn","team_key":"frc8300","team_number":8300,"event_label":"2026 FIM District Jackson at Columbia Event presented by Consumers Energy Foundation"},{"org_key":"frc8303","nickname":"GatorBytes","event_key":"2026wabon","team_key":"frc8303","team_number":8303,"event_label":"2026 PNW District Bonney Lake Event"},{"org_key":"frc8326","nickname":"Hopper Robotics","event_key":"2025mdbet","team_key":"frc8326","team_number":8326,"event_label":"2025 CHS District Bethesda MD Event presented by Bechtel"},{"org_key":"frc8334","nickname":"Titan Robotics","event_key":"2025cokc","team_key":"frc8334","team_number":8334,"event_label":"2025 Kendrick Castillo Memorial Tournament (KCMT)"},{"org_key":"frc8370","nickname":"Glow With The Flow","event_key":null,"team_key":"frc8370","team_number":8370,"event_label":null},{"org_key":"frc8373","nickname":"The Flying Octopi","event_key":"2025mibel","team_key":"frc8373","team_number":8373,"event_label":"2025 FIM District Belleville Event presented by Belleville Main LLC"},{"org_key":"frc8513","nickname":"Sisters 1st","event_key":"2026hop","team_key":"frc8513","team_number":8513,"event_label":"2026 Hopper Division"},{"org_key":"frc8544","nickname":"Reinforcement","event_key":"2025matb","team_key":"frc8544","team_number":8544,"event_label":"2025 New England Robotics Derby"},{"org_key":"frc8574","nickname":"Audeamus","event_key":"2023week0","team_key":"frc8574","team_number":8574,"event_label":"2023 Week 0"},{"org_key":"frc8575","nickname":"The Due Westerners","event_key":"2026sccmp","team_key":"frc8575","team_number":8575,"event_label":"2026 FIRST South Carolina State Championship presented by Magna"},{"org_key":"frc8576","nickname":"Golden Warriors Robotics","event_key":"2024hop","team_key":"frc8576","team_number":8576,"event_label":"2024 Hopper Division"},{"org_key":"frc8588","nickname":"Tech Devils","event_key":"2025njfla","team_key":"frc8588","team_number":8588,"event_label":"2025 FMA District Mount Olive Event"},{"org_key":"frc8590","nickname":"CAVBOTICS","event_key":"2025mdbet","team_key":"frc8590","team_number":8590,"event_label":"2025 CHS District Bethesda MD Event presented by Bechtel"},{"org_key":"frc8709","nickname":"Pathfinder Tech Robotics ","event_key":"2026necmp1","team_key":"frc8709","team_number":8709,"event_label":"2026 New England FIRST District Championship - Burns Division presented by GlobalFoundries"},{"org_key":"frc8736","nickname":"The Mechanisms","event_key":"2024scand","team_key":"frc8736","team_number":8736,"event_label":"2024 PCH District Anderson Event presented by MAGNA"},{"org_key":"frc8738","nickname":"Slice","event_key":"2025ncfay1","team_key":"frc8738","team_number":8738,"event_label":"2025 Doyenne Inspiration East"},{"org_key":"frc8739","nickname":"Redhawk Robotics","event_key":"2026nyny","team_key":"frc8739","team_number":8739,"event_label":"2026 New York City Regional"},{"org_key":"frc8745","nickname":"RoBeagles","team_number":8745,"team_key":"frc8745","event_key":"2022cmptx","event_label":"2022 Einstein Field"},{"org_key":"frc8749","nickname":"Farmersville Robotics","event_key":"2025mil","team_key":"frc8749","team_number":8749,"event_label":"2025 Milstein Division"},{"org_key":"frc8753","nickname":"Spectre","event_key":"2024flor","team_key":"frc8753","team_number":8753,"event_label":"2024 Orlando Regional"},{"org_key":"frc8756","nickname":"Magic Valley Logic Control Sponsored by NASA","event_key":"2023idbo","team_key":"frc8756","team_number":8756,"event_label":"2023 Idaho Regional"},{"org_key":"frc8778","nickname":"HSUWerx","event_key":null,"team_key":"frc8778","team_number":8778,"event_label":null},{"org_key":"frc8789","nickname":"The Lost 10mm Sockets","event_key":"2024onbar","team_key":"frc8789","team_number":8789,"event_label":"2024 ONT District Georgian Event"},{"org_key":"frc8808","nickname":"SWLA Tech Pirates","event_key":"2026lake","team_key":"frc8808","team_number":8808,"event_label":"2026 Bayou Regional"},{"org_key":"frc8817","nickname":"Buccaneer Robotics","event_key":null,"team_key":"frc8817","team_number":8817,"event_label":null},{"org_key":"frc8841","nickname":"OTTER","event_key":"2025flwp","team_key":"frc8841","team_number":8841,"event_label":"2025 South Florida Regional"},{"org_key":"frc8882","nickname":"Infinity BR","event_key":null,"team_key":"frc8882","team_number":8882,"event_label":null},{"org_key":"frc9012","nickname":"Team Waffles","event_key":null,"team_key":"frc9012","team_number":9012,"event_label":null},{"org_key":"frc9022","nickname":"MC Robotics","event_key":"2024paca","team_key":"frc9022","team_number":9022,"event_label":"2024 Greater Pittsburgh Regional"},{"org_key":"frc9023","nickname":"Future Martians","event_key":"2024wasam","team_key":"frc9023","team_number":9023,"event_label":"2024 PNW District Sammamish Event"},{"org_key":"frc9028","nickname":"GFORCE","event_key":"2025tuak","team_key":"frc9028","team_number":9028,"event_label":"2025 Ankara Regional"},{"org_key":"frc9031","nickname":"Wildbots","event_key":"2025mose","team_key":"frc9031","team_number":9031,"event_label":"2025 Central Missouri Regional"},{"org_key":"frc9038","nickname":"SF UNITY","event_key":"2024casf","team_key":"frc9038","team_number":9038,"event_label":"2024 San Francisco Regional"},{"org_key":"frc9047","nickname":"TechMaker Robotics","event_key":"2026brsp","team_key":"frc9047","team_number":9047,"event_label":"2026 Regional Brazil - SESI OSASCO"},{"org_key":"frc9054","nickname":"Johnson City Joules","event_key":null,"team_key":"frc9054","team_number":9054,"event_label":null},{"org_key":"frc9055","nickname":"Knights of Katahdin","event_key":"2025melew","team_key":"frc9055","team_number":9055,"event_label":"2025 NE District Pine Tree Event"},{"org_key":"frc9067","nickname":"The Goonies","event_key":"2026alhu","team_key":"frc9067","team_number":9067,"event_label":"2026 Rocket City Regional"},{"org_key":"frc9082","nickname":"No Limit","event_key":null,"team_key":"frc9082","team_number":9082,"event_label":null},{"org_key":"frc9085","nickname":"SESI SENAI MEGA HARPY","event_key":null,"team_key":"frc9085","team_number":9085,"event_label":null},{"org_key":"frc9116","nickname":"The Canucks & Bolts","event_key":"2025pawar","team_key":"frc9116","team_number":9116,"event_label":"2025 FMA District Centennial Event"},{"org_key":"frc9121","nickname":"Mavericks ","event_key":"2024txkat","team_key":"frc9121","team_number":9121,"event_label":"2024 FIT District Katy Event"},{"org_key":"frc9153","nickname":"Bearcat Robotics","event_key":"2024lake","team_key":"frc9153","team_number":9153,"event_label":"2024 Bayou Regional"},{"org_key":"frc9175","nickname":"BrainMachine-FRC","event_key":"2024brbr","team_key":"frc9175","team_number":9175,"event_label":"2024 Brazil Regional"},{"org_key":"frc9200","nickname":"SESI SENAI STARDUST","event_key":"2025brba","team_key":"frc9200","team_number":9200,"event_label":"2025 Regional Brazil - Brasilia"},{"org_key":"frc9295","nickname":"Harlem Rails","event_key":"2025nysu","team_key":"frc9295","team_number":9295,"event_label":"2025 Hudson Valley Regional"},{"org_key":"frc9301","nickname":"PrepaTec Chihuahua - MechRams","event_key":null,"team_key":"frc9301","team_number":9301,"event_label":null},{"org_key":"frc9307","nickname":"Spicy Chihuahuas","event_key":"2026txcl2","team_key":"frc9307","team_number":9307,"event_label":"2026 FIT District Space City @ Friendswood Event #2"},{"org_key":"frc9312","nickname":"NERD Spark","event_key":null,"team_key":"frc9312","team_number":9312,"event_label":null},{"org_key":"frc9446","nickname":"C Cubed","event_key":null,"team_key":"frc9446","team_number":9446,"event_label":null},{"org_key":"frc9449","nickname":"Yellowjackets","event_key":null,"team_key":"frc9449","team_number":9449,"event_label":null},{"org_key":"frc9455","nickname":"DinoMights","event_key":"2026mifen","team_key":"frc9455","team_number":9455,"event_label":"2026 FIM District Fenton Event presented by Gene Haas Foundation"},{"org_key":"frc9522","nickname":"Archimedes","event_key":null,"team_key":"frc9522","team_number":9522,"event_label":null},{"org_key":"frc9592","nickname":"Blue’s Bolts ‘n Bots","event_key":"2024oncmp","team_key":"frc9592","team_number":9592,"event_label":"2024 FIRST Ontario Provincial Championship"},{"org_key":"frc9597","nickname":"Luban Robotics","event_key":null,"team_key":"frc9597","team_number":9597,"event_label":null},{"org_key":"frc9609","nickname":"Paraducks","event_key":"2025mefal","team_key":"frc9609","team_number":9609,"event_label":"2025 NE District Southern Maine Event"},{"org_key":"frc9611","nickname":"CyberRain","event_key":"2026brba","team_key":"frc9611","team_number":9611,"event_label":"2026 Regional Brazil - Festival SESI de Educação"},{"org_key":"frc9668","nickname":"West Robotics","event_key":"2024arc","team_key":"frc9668","team_number":9668,"event_label":"2024 Archimedes Division"},{"org_key":"frc9670","nickname":"The Gadgeteers of St. Johns County","event_key":null,"team_key":"frc9670","team_number":9670,"event_label":null},{"org_key":"frc9717","nickname":"Poultronix","event_key":"2025mslr","team_key":"frc9717","team_number":9717,"event_label":"2025 Magnolia Regional"},{"org_key":"frc9733","nickname":"Gold Diggers","event_key":null,"team_key":"frc9733","team_number":9733,"event_label":null},{"org_key":"frc9743","nickname":"MV TITANS","event_key":"2025mimus","team_key":"frc9743","team_number":9743,"event_label":"2025 FIM District Muskegon Event presented by RENK"},{"org_key":"frc9771","nickname":"FPro","event_key":"2025mitvc","team_key":"frc9771","team_number":9771,"event_label":"2025 FIM District Traverse City Event presented by Cone Drive"},{"org_key":"frc9786","nickname":"MHS Wolfpack","event_key":null,"team_key":"frc9786","team_number":9786,"event_label":null},{"org_key":"frc9985","nickname":"Kilobyte Pythons","event_key":null,"team_key":"frc9985","team_number":9985,"event_label":null},{"org_key":"frc9996","nickname":"Demo 6","event_key":"2026tuhc","team_key":"frc9996","team_number":9996,"event_label":"2026 Haliç Regional"},{"org_key":"frc9997","nickname":"Demo 7","event_key":"2026week0","team_key":"frc9997","team_number":9997,"event_label":"2026 Week 0"},{"org_key":"frc9998","nickname":"Demo 8","event_key":"2026week0","team_key":"frc9998","team_number":9998,"event_label":"2026 Week 0"},{"org_key":"frc9999","nickname":"Demo 9","event_key":"2025njwas","team_key":"frc9999","team_number":9999,"event_label":"2025 FMA District Warren Hills Event"},{"org_key":"frc10029","nickname":"The Portotypes","event_key":null,"team_key":"frc10029","team_number":10029,"event_label":null},{"org_key":"frc10066","nickname":"CephaloSquad","event_key":"2026vtbur","team_key":"frc10066","team_number":10066,"event_label":"2026 NE District UVM Event"},{"org_key":"frc10152","nickname":"Orbotics","event_key":"2026nysu","team_key":"frc10152","team_number":10152,"event_label":"2026 Hudson Valley Regional"},{"org_key":"frc10217","nickname":"Catahoula Blue Dogs Robotics","event_key":"2026joh","team_key":"frc10217","team_number":10217,"event_label":"2026 Johnson Division"},{"org_key":"frc10257","nickname":"Vector Space","event_key":null,"team_key":"frc10257","team_number":10257,"event_label":null},{"org_key":"frc10291","nickname":" MUTUM-X","event_key":"2024brbr","team_key":"frc10291","team_number":10291,"event_label":"2024 Brazil Regional"},{"org_key":"frc10333","nickname":"Elevation","event_key":"2026cosp","team_key":"frc10333","team_number":10333,"event_label":"2026 Pikes Peak Regional"},{"org_key":"frc10428","nickname":"KAIZEN","event_key":null,"team_key":"frc10428","team_number":10428,"event_label":null},{"org_key":"frc10600","nickname":"Two Steps Ahead","event_key":"2026paphi","team_key":"frc10600","team_number":10600,"event_label":"2026 FMA District Philadelphia Event"},{"org_key":"frc10929","nickname":"Tarpon Robotics","event_key":null,"team_key":"frc10929","team_number":10929,"event_label":null},{"org_key":"frc10943","nickname":"WJH RoboStangs","event_key":null,"team_key":"frc10943","team_number":10943,"event_label":null},{"org_key":"frc10980","nickname":"The Deadbolts","event_key":"2026mnbt","team_key":"frc10980","team_number":10980,"event_label":"2026 Blue Twilight Week Zero"},{"org_key":"frc11319","nickname":"Polaris","event_key":null,"team_key":"frc11319","team_number":11319,"event_label":null}],"redirectURL":"/reports/exportdata?type=matchscouting&span=all"}`);
let mounted = false;
//- only show loading thing after a short delay
setTimeout(() => {
	if (!mounted) {
		$('#loading').show();
	}
}, 250);
try {
	const App = (await import('/public/svelte/choose-org.js?v=20260308053822086')).default
	const { mount } = await import('https://esm.sh/svelte@5.42.3'); // PJL todo: get version from package.json
	const app = mount(App, {
		target: document.getElementById('content'), // content is the id of the main content element
		props: {
			data
		}
	});
	mounted = true;
}
catch (err) {
	console.error(err);
	$('#content').append($('<pre>').text(err))
}
finally {
	$('#loading').remove();
}</script><a class="contact-button" href="/contact-us">Contact Us</a><p id="loading"></p></main></div></div><div class="background"></div><div style="position: absolute; width: 0px; height: 0px; top: -50px; left: 0px;"><input id="shareURLInput" type="text"></div><div style="display: none;" id="menuParent"><nav class="slidein-menu" id="menu"><ul><li><a href="/home"><span><span class="sprite sp-24 menu-sprite sp-home"></span><span>Home</span></span></a></li><li><a href="https://voyager.scoutradioz.com"><span><span class="sprite sp-24 menu-sprite sp-voyager"></span><span>Switch to Voyager offline module</span></span></a></li><li><a href="https://wiki.team102.org/scoutradioz/start"><span><span class="sprite sp-24 menu-sprite sp-help"></span><span>Need help? Check our wiki!</span></span></a></li><li><a href="/thankyou"><span><span class="sprite sp-24 menu-sprite sp-heart"></span><span>Special thanks / How to donate</span></span></a></li></ul></nav></div><script>var navMenuTitle = `Menu`;
var footerContents = [
	`<a href="https://team102.org" target="_blank" class="slidein-brand w3-third w3-tooltip"><span class="sprite sp-32 sp-gearheads"></span><span class="w3-tooltiptext">Copyright 2018-2026 FIRST Team 102 and Robotics Fund Inc.
Open-source &amp; licensed with AGPLv3.</span></img></a>`,
	`<a href="https://thebluealliance.com" target="_blank" class="slidein-brand w3-third w3-tooltip"><span class="sprite sp-32 sp-tba"></span><span class="w3-tooltiptext">Powered by The Blue Alliance.</span></img></a>`,
	`<a href="https://statbotics.io" target="_blank" class="slidein-brand w3-third w3-tooltip"><span class="sprite sp-32 sp-statbotics"></span><span class="w3-tooltiptext">EPA from Statbotics</span></img></a>`,
	`<a href="https://www.firstinspires.org/" target="_blank" class="slidein-brand w3-third w3-tooltip"><span class="sprite sp-32 sp-first"></span><span class="w3-tooltiptext">We are proud to be participants of FIRST Robotics Competition.</span></img></a>`,
	`<a href="https://github.com/FIRSTTeam102/scoutradioz/" target="_blank" class="slidein-brand w3-third w3-tooltip"><span class="sprite sp-32 sp-github"></span><span class="w3-tooltiptext">Check out our source code on GitHub</span></img></a>`,
];
var locales = [{"lang":"en","name":"English","dir":"ltr"},{"lang":"es-mx","name":"español de México","dir":"ltr"},{"lang":"fr","name":"français","dir":"ltr"},{"lang":"he","name":"עברית","dir":"rtl"},{"lang":"km","name":"ខ្មែរ","dir":"ltr"},{"lang":"nb-no","name":"norsk bokmål (Norge)","dir":"ltr"},{"lang":"pt-br","name":"português (Brasil)","dir":"ltr"},{"lang":"pt","name":"português","dir":"ltr"},{"lang":"ta","name":"தமிழ்","dir":"ltr"},{"lang":"tr","name":"Türkçe","dir":"ltr"},{"lang":"uk","name":"українська","dir":"ltr"},{"lang":"vi","name":"Tiếng Việt","dir":"ltr"},{"lang":"zh-hans","name":"简体中文","dir":"ltr"},{"lang":"zh-hant","name":"繁體中文","dir":"ltr"}];</script></body></html>